Company,Title,Link,Article,ESG_Category,Sentiment
Infosys,"Infosys stock falls nearly 7% after Q4, hits 5-year low; weak guidance, mixed brokerage views weigh",https://www.moneycontrol.com/news/business/stocks/infosys-stock-falls-over-3-after-q4-top-nifty-loser-weak-guidance-mixed-brokerage-views-weigh-13898182.html,"Infosys Ltd Infosys shares fell 7 percent after weak FY27 growth outlook Net profit rose 27.8 percent, but revenue growth was modest Brokerages cited weak outlook and intensifying competition Did our AI summary help? Infosys Ltd shares fell as much as 7 percent on Friday after the company reported its Q4 FY26 results and issued a subdued growth outlook. The IT stock declined to an over 5-year low, and was the top loser on benchmark Nifty 50 index. Infosys stock ended at Rs 1,154.6, compared with its previous close of Rs 1,231.8 on NSE. The IT giant’s ADR had already declined 4.01 percent overnight following the results announcement, signalling a weak start for the stock. Share Markets Live Updates | Sensex, Nifty Today Infosys reported a strong January-March quarter on the bottom line. Net profit rose 27.8 percent quarter-on-quarter to Rs 8,501 crore, aided by margin expansion and lower tax outgo. However, revenue growth remained modest at 2 percent sequentially, while FY27 guidance came in at 1.5-3.5 percent constant currency growth, indicating continued demand uncertainty. Brokerages flagged the weak growth outlook as a key concern. Citi maintained a ‘neutral’ rating and cut its target price to Rs 1,300. It cited revenue and margin miss along with slower decision-making and rising competition. Jefferies also retained a ‘hold’ rating with a target price of Rs 1,235. It said that weak guidance, lower deal wins and headcount decline could weigh on growth. Related Stories Lenskart shares in focus as 2.3% equity worth Rs 1,960 crore changes hands in block deal Infosys stock rating: CLSA bullish, sees $300-400 billion opportunity in GenAI; check target price Meesho shares rise 2% after Rs 1,540 cr block deal; Jefferies initiates coverage with Buy rating Also read | Infosys stock call: Brokerages turn cautious, flag weak guidance despite Q4 earnings beat; check target prices Motilal Oswal highlighted a tough outlook, pointing to AI-led deflationary pressures and a 33 percent sequential decline in total contract value (TCV). However, some brokerages remained constructive. Nomura and HSBC retained ‘buy’ ratings. They cited stable margins, expected recovery driven by deal wins and AI partnerships, and potential upside if growth trends move towards the upper end of guidance. Infosys stock has declined 16.3 percent over the past one year, compared with a 0.3 percent decline in the Nifty 50. The company’s market capitalisation stands at around Rs 5.15 lakh crore. Disclaimer: The views and investment tips expressed by investment experts on Moneycontrol.com are their own and not those of the website or its management. Moneycontrol.com advises users to check with certified experts before taking any investment decisions.",Financial / Other,Positive
Infosys,"Infosys stock call: Brokerages turn cautious, flag weak guidance despite Q4 earnings beat; check target prices",https://www.moneycontrol.com/news/business/earnings/infosys-stock-call-brokerages-turn-cautious-flag-weak-guidance-despite-q4-earnings-beat-check-target-prices-13898159.html,"Infosys Ltd Infosys Q4 profit up 27.8%, but revenue growth modest FY27 revenue cut to 1.5–3.5%, signaling softer demand Brokerages split on outlook; stock down 16.3 percent in past year Did our AI summary help? Infosys stock outlook turned cautious after its Q4 FY26 results, with brokerages flagging weak near-term growth visibility despite a profit beat. Shares of Infosys Ltd had fallen 2.9 percent to close at Rs 1,231.8 yesterday ahead of the results announcement, while its ADR declined 4.01 percent overnight following the earnings release. Infosys reported a strong Q4 on the bottom line, with net profit rising 27.8 percent quarter-on-quarter to Rs 8,501 crore, supported by margin expansion and lower tax outgo. However, revenue growth remained modest at 2 percent sequentially, and the company’s FY27 guidance pointed to a softer demand environment. The IT major guided for revenue growth of 1.5 percent to 3.5 percent in constant currency for FY27, lower than its earlier guidance range of 3 percent to 3.5 percent. This indicates continued demand uncertainty and slower decision-making by clients. Brokerages remain divided on Infosys outlook -- trying to balance near-term growth concerns against expectations of gradual recovery supported by deal wins, vertical-specific strength and AI-led opportunities. Citi retained a ‘neutral’ call on Infosys stock and cut its target price to Rs 1,300 per share, citing a weak Q4 performance with misses on revenue and EBIT margin. The brokerage said that management highlighted slower decision-making and heightened competition. Citi trimmed FY27-28 earnings estimates by 1-2 percent. However, it expects Infosys to outperform peers in FY27. Related Stories Asian Paints shares jump 3% after Q4 beat; brokerages see up to 34% upside but divided on outlook IndiGo stock rating: Brokerages see up to 27% upside despite Q4 loss, bullish on growth; check targe... ONGC shares fall for second day; CLSA sees up to 73% upside, says Q4 miss was due to one-off charges Jefferies maintained a ‘hold’ rating with a target price of Rs 1,235 . It said that while Q4 was broadly in-line, weak guidance, a decline in headcount and lower deal wins were disappointing. The brokerage expects earnings growth of around 7 percent CAGR. It said that dividend yield may limit downside, but weak growth could cap upside. Motilal Oswal Financial Services also flagged a tough outlook, maintaining a ‘buy’ rating with a target price of Rs 1,425 . It said AI-led efficiency gains could act as a deflationary force on growth, while guidance of 1.5-3.5 percent constant currency growth remains soft. The brokerage highlighted that total contract value (TCV) at $3.2 billion declined 33 percent sequentially. On the other hand, some brokerages remained constructive on the medium-term outlook. Nomura reiterated a ‘buy’ rating with a target price of Rs 1,640 on Infosys shares, implying an upside of over 33 percent . It said that while revenue was a marginal miss, margins held up. The brokerage expects growth to pick up on the back of deal wins and AI partnerships, with revenue growth of 3.4 percent in dollar terms and stable margins of around 21 percent in FY27. HSBC also maintained a ‘buy’ call with a target price of Rs 1,585 . The brokerage said that Q4 was slightly soft, but guidance was largely in-line after recent sentiment correction. It added that performance at the upper end of the guidance band could support a sector re-rating. Infosys stock has declined 16.3 percent over the past one year, underperforming the Nifty 50, which is down 0.3 percent during the same period. The company’s market capitalisation stands at around Rs 5.15 lakh crore. Disclaimer: The views and investment tips expressed by investment experts on Moneycontrol.com are their own and not those of the website or its management. Moneycontrol.com advises users to check with certified experts before taking any investment decisions.",Financial / Other,Negative
Infosys,"Infosys Q4 net profit rises 28% QoQ to Rs 8,501 crore, beats Street; guides FY27 growth at 1.5%-3.5% CC",https://www.moneycontrol.com/news/business/earnings/infosys-q4-net-profit-rises-28-qoq-to-rs-8-501-crore-beats-estimates-co-declares-rs-25-dividend-13897513.html,"Infosys Ltd Infosys Q4 net profit up 27.8 percent to Rs 8,501 crore Revenue rises 2 percent QoQ to Rs 46,402 crore Infosys guides FY27 revenue growth at 1.5 to 3.5 percent Did our AI summary help? Infosys Ltd ’s Q4 FY26 consolidated net profit rose 27.8 percent quarter-on-quarter to Rs 8,501 crore, beating Street estimates. A CNBC-TV18 poll of analysts had pegged January-March net profit at Rs 7,670 crore. The IT giant's revenue for the quarter came in at Rs 46,402 crore, rising 2 percent sequentially, broadly in line with expectations. At the operating level, earnings before interest and tax (EBIT) stood at Rs 9,743 crore, up 16.6 percent quarter-on-quarter. Infosys' fourth quarter EBIT margin expanded sharply to 21 percent from 18.4 percent in the previous quarter. Profit before tax rose 17 percent sequentially to Rs 10,797 crore, while lower tax expenses supported the strong bottom-line growth during the quarter. The company reported basic earnings per share of Rs 21.01, compared with Rs 16.17 in the previous quarter. Related Stories Healthy Life Standalone March 2026 Net Sales at Rs 51.89 crore, up 234.39% Y-o-Y Healthy Life Consolidated March 2026 Net Sales at Rs 85.19 crore, up 95.61% Y-o-Y Anlon Healthcar Standalone March 2026 Net Sales at Rs 55.42 crore, up 13.28% Y-o-Y Infosys also announced a final dividend of Rs 25 per equity share for FY26. On the business front, revenue growth remained modest on a sequential basis, with reported growth of 2 percent QoQ, though constant currency growth stood slightly lower. Ahead of the results, Infosys shares fell 2.9 percent on Thursday to end at Rs 1,231.8 on NSE. Revenue Guidance Broadened For FY27, Infosys guided for revenue growth of 1.5 percent to 3.5 percent in constant currency, compared with its earlier guidance range of 3 percent to 3.5 percent, indicating a more cautious near-term demand outlook. The Bengaluru-based services company had revised its revenue growth guidance in the range of 3-3.5 percent for FY2025-26 in January. This is broadly in line with commentary from peers such as Tata Consultancy Services and HCLTech, which have flagged consistent pipelines but cautious outlook. The software major, along with other IT companies, has been facing tepid demand on the back of soft discretionary spending and macroeconomic challenges in its major revenue-contributing geographies. Deal momentum and demand commentary Large deal total contract value (TCV) for the quarter stood at $3.2 billion. For the full year, the company booked $14.9 billion. “We delivered a resilient performance in FY 26 with growth of 3.1% with strong large deal wins of $14.9 billion, reflecting the robustness of our enterprise AI value proposition and market share gains in large transformation opportunities. The simplicity and strength of our AI services strategy across six areas is gaining traction in the market further strengthened by strong ecosystem AI partnerships enabling clients to get value from AI”, said Salil Parekh, CEO and MD. “Our AI First value framework and differentiated Topaz Fabric, position us uniquely to deepen client trust and gain greater share of the market”, he added. Revenues by Client Geography Infosys' biggest market, North America, was down 1 percent in Q4FY26 in constant currency terms year-or-year. The total revenue contribution from the region declined to 55.7 percent from 57 percent. When asked on the declining trend, Chief Financial Officer Jayesh Sanghrajka said some large deals from the Eurozone in the last couple of quarters has led to the shift in revenue contribution. On the other hand, Europe's contribution increased to 32.6 percent from 31,2percent, up 7.2 percent.",Financial / Other,Positive
Infosys,"Infosys shares jump over 5% after Q3 results; brokerages upbeat on guidance hike, deal wins",https://www.moneycontrol.com/news/business/stocks/infosys-shares-jump-over-4-after-q3-results-brokerages-upbeat-on-guidance-hike-deal-wins-13774937.html,"Infosys Ltd Share Price Today Infosys shares rose over 4 percent after Q3 results and raised revenue outlook Large deal wins of $4.8 billion boost medium-term revenue visibility Brokerages maintain bullish views with higher target prices Did our AI summary help? IT IT Watchlist Portfolio Message Follow NSE/BSE Select NSE LIVE BSE LIVE Trade Day High Day Low Volume (NSE) More × Add to Watchlist × Shares of Infosys Ltd rallied sharply on Friday, rising over 5 percent, as investors reacted positively to the IT major’s Q3 FY26 results, a raised revenue growth outlook, and upbeat brokerage commentary following a strong rally in its US-listed ADRs. Infosys stock climbed 5.14 percent to a high or Rs 1,682.1 in early trade, marking a firm rebound after the company’s earnings announcement earlier this week. The stock had ended the previous session at Rs 1,608.9 on the NSE. The buying interest comes despite Infosys reporting a 2.2 percent year-on-year decline in consolidated net profit for the fiscal third quarter, which was weighed down by a one-time labour code-related charge. Investors appeared to look past the headline profit miss, focusing instead on steady constant-currency revenue growth, resilient adjusted margins, and robust large-deal momentum. Infosys raised its FY26 revenue growth guidance to 3-3.5 percent in constant currency terms, citing improving demand visibility and strong execution, while maintaining its operating margin outlook. Large deal wins stood at $4.8 billion during the quarter, including two mega deals, supporting medium-term revenue visibility. Sentiment was also supported by a sharp rally in Infosys’ American Depository Receipts, which jumped about 8 percent over two US trading sessions following the results, signalling a positive offshore investor response. Related Stories Wipro ADRs surge 18% after expanded ServiceNow tie-up; Indian shares in focus ahead of buyback recor... Infosys stock falls nearly 7% after Q4, hits 5-year low; weak guidance, mixed brokerage views weigh Infosys stock call: Brokerages turn cautious, flag weak guidance despite Q4 earnings beat; check tar... Brokerages reiterated bullish views on the stock after the earnings announcement. CLSA maintained an ‘Outperform’ rating on Infosys with a target price of Rs 1,779 per share, while HSBC reiterated its ‘Buy’ call with a higher target price of Rs 1,870 per share, citing improving demand commentary, greater clarity on AI-led spending, and stabilising US corporate sentiment. Despite Friday’s sharp rebound, Infosys shares remain down about 13 percent over the past one year, underperforming the Nifty 50, which has risen more than 10 percent over the same period. Brokerages say that this has kept the stock firmly on investors' radar for a potential re-rating. Disclaimer: The views and investment tips expressed by investment experts on Moneycontrol.com are their own and not those of the website or its management. Moneycontrol.com advises users to check with certified experts before taking any investment decisions.",Social,Positive
Infosys,"Will Infosys stock rise today post Q3 results, 8% ADR jump? Brokerages bullish; check target prices",https://www.moneycontrol.com/news/business/earnings/will-infosys-stock-rise-today-post-q3-results-8-adr-jump-brokerages-bullish-check-target-prices-13774890.html,"Infosys Ltd Infosys Q3 profit fell 2.2% YoY due to a one-time labour code charge Revenue rose 8.9% YoY; deal wins and AI progress boost outlook Brokerages raised target prices, citing improved demand and guidance Did our AI summary help? IT IT Watchlist Portfolio Message Follow NSE/BSE Select NSE LIVE BSE LIVE Trade Day High Day Low Volume (NSE) More × Add to Watchlist × Infosys Ltd shares are in focus on Friday after the IT major’s Q3 FY26 results, an upward revision in revenue guidance, and a sharp rally in its US-listed ADRs. Bullish brokerage notes point to improving demand visibility, strong deal momentum and a raised revenue growth outlook, despite a headline profit miss caused by a one-time labour code-related charge. Infosys ’ American Depository Receipts surged 7.6 percent over two US trading sessions following the earnings announcement, signalling a positive investor reaction overseas ahead of the stock’s next trading session in India. In its Q3 FY26 results, Infosys reported a 2.2 percent year-on-year decline in consolidated net profit to Rs 6,654 crore, below Street expectations. The reported profit was weighed down by a one-time labour code-related charge of Rs 1,289 crore. Excluding this impact, adjusted profitability remained resilient, with adjusted operating margin improving sequentially to 21.2 percent, up 20 basis points quarter-on-quarter. Revenue for the December quarter rose 8.9 percent year-on-year to Rs 45,479 crore. Large-deal momentum remained a key positive, with total contract value (TCV) of $4.8 billion in Q3, including two mega deals. Net new deals accounted for 57 percent of the total, supporting medium-term revenue visibility. Infosys stock call: Analysts positive on deal wins, AI progress, demand Related Stories Asian Paints shares jump 3% after Q4 beat; brokerages see up to 34% upside but divided on outlook IndiGo stock rating: Brokerages see up to 27% upside despite Q4 loss, bullish on growth; check targe... ONGC shares fall for second day; CLSA sees up to 73% upside, says Q4 miss was due to one-off charges Brokerages noted that deal wins were broad-based and reflected early signs of recovery in discretionary spending, particularly in select verticals. CLSA reiterated its ‘Outperform’ rating on Infosys, assigning a target price of Rs 1,779 per share, which implies an upside of about 11 percent. The brokerage highlighted the company’s upward revision of FY26 revenue growth guidance to 3-3.5 percent in constant-currency terms from 2-3 percent earlier, alongside strong deal wins, steady revenue growth and in-line margins. CLSA said the guidance upgrade in a seasonally weak quarter reinforces confidence in execution and points to improving demand conditions. HSBC also maintained a ‘Buy’ rating on Infosys with a higher target price of Rs 1,870 per share, implying an upside of about 16 percent. The brokerage cited improved clarity on the impact of artificial intelligence on client spending and strengthening demand commentary. HSBC said sentiment around IT demand has improved further, particularly in the banking and energy verticals, aided by stabilising US corporate sentiment and rising client interest in AI-led transformation and platform modernisation initiatives. Brokerage notes also pointed to management commentary indicating early green shoots in discretionary spending and a more constructive outlook for FY27, supported by AI-led programmes, vendor consolidation and platform modernisation deals. While some verticals, such as manufacturing and hi-tech, remain under pressure, analysts said the overall demand narrative has turned incrementally more positive. Ahead of the Q3 results announcement, Infosys shares had closed 0.6 percent higher at Rs 1,608.9 on the NSE. The stock remains down over 17 percent over the past one year, sharply underperforming the Nifty 50’s roughly 11 percent gain over the same period. Brokerages said this leaves room for re-rating if execution momentum sustains. Disclaimer: The views and investment tips expressed by investment experts on Moneycontrol.com are their own and not those of the website or its management. Moneycontrol.com advises users to check with certified experts before taking any investment decisions.",Environmental,Positive
Infosys,Infosys shares gain 1.3% today as AWS collaboration on generative AI lifts sentiment,https://www.moneycontrol.com/news/business/infosys-shares-gain-1-3-today-as-aws-collaboration-on-generative-ai-lifts-sentiment-13760885.html,"Infosys Infosys shares rose 1.3 percent after announcing a strategic AI tie-up with AWS Infosys to merge Topaz platform with AWS's Amazon Q Developer for AI services Collaboration aims to enhance productivity and deliver AI solutions across sectors Did our AI summary help? IT IT Watchlist Portfolio Message Follow NSE/BSE Select NSE LIVE BSE LIVE Trade Day High Day Low Volume (NSE) More × Add to Watchlist × Shares of Infosys rose 1.3 percent on Wednesday to Rs 1,632.6 after the IT services major announced a strategic collaboration with Amazon Web Services (AWS) to accelerate enterprise adoption of generative AI (artificial intelligence). Infosys stock outperformed the broader Nifty 50, which slipped around 0.1 percent today. Despite the day’s gains, Infosys shares remain down about 15.4 percent over the past one year. Infosys said it has partnered with Amazon Web Services to integrate its AI-first platform Infosys Topaz, with AWS’s generative AI-powered assistant Amazon Q Developer. The objective is to improve internal productivity and deliver AI services for clients across sectors such as manufacturing, telecom, financial services, and consumer goods. As part of the tie-up, Infosys is deploying Infosys Topaz across its internal operations, particularly within the software development lifecycle. The integration with Amazon Q Developer is expected to support automated documentation and provide targeted assistance for code generation, debugging, testing, and legacy code modernisation, helping improve efficiency and accuracy while accelerating project timelines. Also read | TPG said to be in talks with IIFL Capital for stake acquisition The collaboration will span multiple enterprise functions, including software development, human resources, recruitment, sales, and vendor management, the company said in a press release. Infosys said the initiative is aimed at streamlining complex workflows and enhancing employee experience through AI-driven tools. Related Stories Wipro ADRs surge 18% after expanded ServiceNow tie-up; Indian shares in focus ahead of buyback recor... Infosys stock falls nearly 7% after Q4, hits 5-year low; weak guidance, mixed brokerage views weigh Infosys stock call: Brokerages turn cautious, flag weak guidance despite Q4 earnings beat; check tar... Beyond internal use cases, Infosys is also leveraging AWS’s generative AI services to develop client-facing solutions across industries. These include advanced digital engagement platforms for sports and entertainment companies, built using Infosys Topaz and Amazon Bedrock, to enable real-time, personalised experiences for large user bases, the company said. Commenting on the collaboration, AWS India and South Asia President Sandeep Dutta said the tie-up would help enterprises adopt generative AI at scale and improve efficiency across operations. Infosys executive vice president Balakrishna D R said the partnership would be used to drive changes in both internal processes and client-facing services, particularly across technology and business functions. Disclaimer: The views and investment tips expressed by experts on Moneycontrol are their own and not those of the website or its management. Moneycontrol advises users to check with certified experts before taking any investment decisions.",Social,Positive
Infosys,Gainers & Losers: 10 stocks that moved the most on July 21,https://www.moneycontrol.com/news/photos/business/stocks/gainers-losers-10-stocks-that-moved-the-most-on-july-21-3-11002591.html,Article Not Found,Financial / Other,Neutral
Infosys,Gainers & Losers: 10 stocks that moved the most on July 18,https://www.moneycontrol.com/news/photos/business/stocks/gainers-losers-10-stocks-that-moved-the-most-on-july-18-2-10980871.html,"ERROR : HTTPSConnectionPool(host='www.moneycontrol.com', port=443): Read timed out. (read timeout=10)",Financial / Other,Neutral
Infosys,Street isn’t anticipating pricing compression for IT companies: Girish Pai,https://www.moneycontrol.com/news/business/street-isnt-anticipating-pricing-compression-for-it-companies-girish-pai-10431541.html,"Markets Flactuation Don’t expect the second half of financial year 2024 (2HFY24) to be less challenging for information technology (IT) companies, contrary to the street belief of better times ahead in the June and September quarters, said Girish Pai, Head of Research at Nirmal Bang Securities, in an interview with Moneycontrol. He said the street isn’t anticipating a pricing compression, nor are the companies talking about any such compression. Pointing to the client's behavior when the US economy was resilient, he said this behavior would worsen once the US goes even into a shallow recession. Further, the institutional head of brokerage Nirmal Bang Securities also pointed towards more pain in store for midcap IT names in the upcoming quarter due to higher valuations, client concentration and vertical concentration, among other things. His pecking order, not considering valuations, would be TCS, Infosys and HCL Technology. Edited excerpts from the interview. Do investors need to panic, or was this reaction anticipated from Infosys and the IT pack? In terms of revenue growth at constant currency (CC), Infosys has managed to surpass TCS for the fourth consecutive year. However, the latter’s margin has been ahead of Infosys for the last two years. What do you make of this scenario? Related Stories RBL Bank set to appoint HDFC Bank veteran as CFO, sources say HDFC Bank, Yes Bank, AU SFB hike FCNR - B deposit rates up to 7% Buzzing Stocks: HGS surges 13% on project GANGA launch; HDFC Bank gains after Lilavati Trust plea di... If you were to compare TCS with Infosys, TCS' numbers for the 4Q (fourth quarter) have been definitely better. We saw quarter-on-quarter (QoQ) growth of about 0.6 percent, whereas we saw (about) 3.2 percent compression for Infosys. And as you mentioned, the commentary has also been different. TCS mentioned only deferrers. They didn't talk about cancellations. Infosys did talk about cancellations. TCS mentioned that the month of March was probably a little worse off because of the banking situation in the US and Europe, whereas we saw a diametrically opposite, but much milder commentary, from Infosys saying that March was a month of stabilisation. So, contrarian views (were) expressed by both the players when they announced results. Obviously, TCS doesn't give guidance for the year, though it says it aspires for double-digit growth, which to me looks fairly ambitious as we speak right now. And was I expecting this kind of reaction? Yes. I mean, we have been negative on the sector for a fair bit of time. We put out an underweight stance in April 2022. And the stance of 3-5 percent growth for tier 1 stocks is something we've had for a fair bit of time since July 2022. So, the kind of numbers that Infosys talked about have not come as a great surprise to us. We've been wondering when the macro impact will come through for the fundaments of the IT service industry. So, while the commentary of the management post Q3 had been fairly positive, we've been pretty sceptical of that, and it has played out as we speak now. Will mid-cap IT now take a sharper knock, because of vendor consolidation and valuations still at a little premium compared to the large-caps? Do you think mid-cap IT names are more vulnerable at this point in time? I would say so, and that's the call that we've had ever since we had this underweight stance. So, as you mentioned, the multiples are more expensive than of pure tier 1 stocks, and they were vulnerable because I think client concentration and vertical concentration are much higher for tier 2 stocks. And if there is some kind of pullback in spending by any of their top 10 or top 15-20 customers, that would have an impact on the growth rates. And while they corrected quite a bit, they ran up again into Q4 results. So, some of them are fairly close to their 52-week highs. So, I would think that tier 2 would likely be under more pressure in the quarters ahead. Tell us of that one factor that managed to surprise you. Was it the net addition number, attrition, no clarity on wage hikes, or the commentary itself? I think the biggest thing has to be revenue growth. Revenue growth hasn't been built in and a negative operating leverage plays on the EBIT margins, so that has kind of played out. The other things have been fairly well known. These have been happening for many quarters now. Attrition has been going down. The fact that they've not been hiring in a very material way, it has been something that has been fairly visible in the last few quarters. I don't think those were surprises to the street. Revenue growth was not coming through the way people anticipated. People were anticipating a weak quarter, but the number that Infosys delivered was definitely a bit of a shocker, and the fact that the management didn't see it coming does indicate this whole issue of visibility. So, I'm not sure whether there is a great deal of visibility going into the next few quarters. And the other thing that I keep hearing from the management is that maybe March quarter is not so great and June quarter will also not be so great. But then things should start improving towards the second half of FY24. I'm not very sure whether that is going to happen. Because the macro event that everybody is waiting or watching for would happen, which is this recession or material slowdown in the US is not behind us, it is ahead of us, which means that if customers can behave the way they have done in the March quarter, when the US economy has been fairly resilient, how they behave once US goes into even a shallow recession is something one needs to wait and watch. So, I think there's going to be pricing compression, which the street is not anticipating right now, nor are the companies talking about. So, those are some of the things that are waiting. Let's talk about the banking sector. HDFC has managed to deliver, as usual, a very steady set of numbers. Probably the bottomline is a bit of a miss on account of the OPEX performance. But how do you look at the banking scenario playing out because there's a slew of companies from the banking sector that will be reporting numbers this week? Do you see some pain coming in for the banking names as well? Quite a few of them have announced their credit growth and deposit growth numbers and stuff like that. Looks like this year is going to close out fairly well, at least from a loan growth perspective. The only thing is that we've seen a little bit of margin compression on QoQ basis for HDFC Bank, which I'm not sure the street was anticipating. I think, it came in at about 14 basis points (bps) on QoQ basis. The cost of deposits has gone up quite a bit and also the fairly high level of OPEX ― the company has been talking about doubling its branch network, and obviously, that would entail higher OPEX. I'm not sure whether that level of OPEX growth was something anticipated by the market immediately. So, going into why we are positive on the banking space, because we think a lot of the asset quality problems which plagued this sector, for say, the last decade or so, have been sorted out. The issue is more in terms of credit growth next year ― FY24 credit growth. A system of why credit growth should be in the low teens. We're building in mid-teens kind of growth for HDFC Bank, ICICI Bank and some of the (other) private sector banks. If that disappoints, then I think… and with the kind of OPEX growth that HDFC Bank is talking about, we could potentially see some kind of downward revision to the operating profit growth, for say, HDFC Bank, for instance, for FY24. So, the key thing to watch out for in FY24 would be credit growth. If credit growth disappoints, then that is going to be a bit of a challenge. But otherwise, I think things are fine. We have a neutral stance on the sector because we do worry about this credit growth aspect. But otherwise, valuations are relatively okay. I don't see a very big asset quality problem developing there. Broadly, most of those problems are behind us. There could be a few niggling issues that would probably come up next year when things slow down a bit. But otherwise, I don't see any great issues, or negative things. But, credit Growth is something to watch out for. How about new-age companies? Motilal Oswal has come up with an initiation report on Zomato. It says that the food tech industry is still in early days, there’s a strong runway for growth ahead and Zomato to grow, but duopoly to delay scale gains. Overall, what's your view on new-age companies? We don't cover them on an official basis. But, a lot of them are running at losses as we speak. Some of them have indicated that they will, at least on an adjusted basis, deliver EBITDA-level profits in certain parts of their businesses, not the entire business. Zomato has a food delivery business. They've also got a grocery delivery business. The food delivery business, from whatever numbers I've seen, seems to be slowing down a bit, because of consumption-related issues. Post-Diwali, consumption has been slowing down across India. That is showing up in the numbers of Zomato. Whereas the fast-growing part of the business, which is the grocery delivery business, has an EBITDA margin problem or a profit-generation problem. That is a challenge in most of these kinds of companies. We need to study this a lot more closely. And my worry about some of these companies is the disruption that could potentially come through from some of the new entrants into the market because the absolute market cap of some of these companies is still fairly large . And it's a very nascent business, and should a very deep-pocketed conglomerate or a new investor want to enter this kind of space, I would probably think that it could be disruptive. In terms of valuations in the pecking order, if you could put Infosys, TCS, Tech Mahindra and HCL Technologies, along with the other peers, how would that order be? And how do valuations look to you now? TCS is probably the most expensive. But that is the company which is probably going to give you the maximum amount of comfort if you take a two-three-year view on the sector. So, if you keep valuation aside, I would say my pecking order would be TCS, Infosys and HCL Tech in that order. But having said that, if you want to look at returns with a little bit of risk, I would probably think of betting on Tech Mahindra at lower levels, even lower than where it is right now; that could be an interesting thought because, unlike other companies, there are quite a few things which can be set right. So, there is a valuation discount, fairly significant valuation discount vis-à-vis TCS and Infosys. There is a revenue growth challenge that they've always had. Their margins have been very low or (at least) in the last few quarters. So, there are quite a few things there that can be set right. And if all of those three things can be set right by the new CEO, who is going to join the company a little later and the impact of that is going to be felt sometime later down the road. Maybe that is a stock, which could potentially give you the highest returns provided you buy it at the right price. The current price is probably not the right one; maybe another 15-20 per cent lower than where we are right now could be a good price to get in. That could be the one that could give you, in my opinion, from a three-year perspective, the best returns. Maybe it's not the best company, but from a stock perspective, that could be the best… it could deliver you the best returns from a stock perspective. I'm assuming that Mohit Joshi will deliver.",Financial / Other,Positive
Infosys,"Porinju Veliyath feels IPOs of Mamaearth, OYO are risky propositions",https://www.moneycontrol.com/news/business/markets/this-wealth-manager-finds-planned-ipos-of-mamaearth-oyo-risky-propositions-9930051.html,"Porinju Veliyath, Managing Director of Equity Intelligence Public issues planned by Mamaearth and OYO seem to be risky propositions to Porinju Veliyath, Managing Director of Equity Intelligence. In an interview with Moneycontrol , Veliyath explained his stance and said he would prefer companies in the secondary market and doesn’t see deep value in new-age companies such as Paytm and Nykaa. Excerpts from the interview: Any stock in 2022 that you regret holding or selling? When we do smallcap investing, mistakes are bound to happen. That's why there is more risk and more return in that strategy and we are still doing it, even though we have some large midcaps and largecaps sometimes. We don't regret anything. One stock you were better off not holding in 2022 Related Stories Apollo Micro, other pvt defence firms' shares rise up to 11% as Rajnath Singh pushes for bigger pvt ... L&T, LTTS among 8 major stocks turning ex-dividend this week; payouts up to Rs 40 per share LEEL Elect Standalone March 2026 Net Sales at Rs 16.96 crore, up 135554.4% Y-o-Y Everything was good in 2022, to be very frank. Raymond is the stock I'm very proud of… I still like this business. It is valued at around Rs 10,000 crore to Rs 11,000 crore. I bought this stock only because of this high valuation. Manyavar was planning an issue at Rs 20,000 crore valuation… I think today it is around Rs 32,000 crore. So, Manyavar is not bad. Even those who bought it later are making money. But when I compare it with Raymond, I would prefer Raymond, even today, on a valuation basis and the potential for future wealth creation. Staying on IPOs – Mamaearth and OYO. Which is better between the two Neither. I think it's risky. Would rather look at the secondary market, listed companies. Is Nykaa going the Paytm way? It’s almost 67 percent lower from its high. In the same category, are there any other stocks that would be risky? I’m not knowledgeable enough to, you know, analyse these two companies or make a comparison. I know generally what they're doing. But valuation-wise, both the companies are well-priced today, I would say. I don't see any deep value in them. Maybe equal in that aspect. What about the less-risky bets in that category? Tata Communication is a technology company. They have been into voice and data infrastructure. It is my second-largest holding in portfolio management. So, I would prefer this compared to some of these technology companies coming out with IPOs. This looks safer to me. But investors should be careful before investing. I'm not making a recommendation. We have been buying this stock for the last two or three years and are very comfortable. We continue to hold. It looks like a safe bet among technology, among new-gen businesses. Other than their legacy business, Tata Communication is venturing into all the new-gen futuristic technology businesses/solutions, global solutions. I think this is a stock to watch and investors should be exploring it further. Of these three themes – defence, infrastructure, and railways – which looks interesting to you? Infra is more interesting. Defence, of course, already had a big run on a comparison and on a valuation basis. Some of the infrastructure companies, many fund managers have been talking about it, many mutual fund managers are buying. So, I think they have been suffering in the last 10-15 years and people were selling off those companies, and some of them are available at very reasonable, attractive valuations. And we are talking about huge capex, private and public, in infrastructure… I feel infrastructure is preferred among the three at current evaluation. Within infra, what's your preferred segment? Infra in general. Actually, we don't have super-specialised large infra companies. Now Larsen & Toubro is doing everything… We have a holding in Jai Kumar. It has always been at low valuation because of the perception in the market. But they're doing a good job. I think it’s a significantly large company with a strong balance sheet. If not a wealth manager, what would have been your career choice? I am a half-farmer right now. So I would have been a full-time farmer. I love farming and I spend a lot of time on that. What's your stress buster? Farming, again. Yeah. I live in Cochin. And after a decade of my career in Mumbai, I left the city in 1999. And you go for the weekend to the village, where your birthplace is, your native place. So that kind of lifestyle is so relaxing in today's busy world. I'm enjoying it and that's really a stress buster. I do work on my farm. How about your market guru? Chandrakant Sampat used to be my market guru. I had the privilege to interact with him… I have had more interaction with him since 1993 when I joined Parag Parikh Financial Services. It was Parag Parikh Securities then. So, he used to be in the office every day. He would talk to me about Nestle, Indian Shaving Products, which is today's Gillette, and Colgate. He used to make me buy shares for him. I used to go to the trading ring in those days, representing Parag Parikh. I learned a lot from him, but I used to disagree with him in a big way because I had a gambler's mind. A little trading kind of mind. I used to enjoy it… I get a kick out of doing speculative trade. I love that. I still do it. Given your love for speculative trading, is value investing your strategy, or is it growth investing? Value investing. I strongly believe in that. That basic discipline of investing is required. When I talk about trading or speculative trade, it's one aspect of my life. But our focus as an organisation [is to] create [wealth] through the bottom-up approach, identify smart companies which can grow very big in the future, which can be multibaggers. So the structure of the Indian economy is… helping that kind of investment strategy. So we believe and we continue with that kind of value investing strategy. Three stock ideas that you'd like to recommend My top three holdings in the equity intelligence portfolio are Raymond first, Tata Communications and Hindware. So, we still believe in this story and these are our holdings. We may sell at some point of time. So there is no point in investors just betting on these three companies as it is, but explore, study about the valuation… If there is a company which is perfect, wonderful promoter, highly ethical – like a Narayana Murthy kind of a promoter – and excellent industry, everything is fine, it's going to be big growth… then I will not invest in that company. Because then that stock will be already priced to that level and there is no fun in doing it.",Financial / Other,Positive
Infosys,Infosys Q4 Earnings Preview | Profit may grow 15-20 percent on year; Revenue likely to increase 24 percent,https://www.moneycontrol.com/news/business/earnings/infosys-q4-earnings-preview-profit-may-grow-15-20-percent-on-year-revenue-likely-to-increase-24-percent-8350521.html,"(Representative Image) IT IT Watchlist Portfolio Message Follow NSE/BSE Select NSE LIVE BSE LIVE Trade Day High Day Low Volume (NSE) More × Add to Watchlist × Infosys , India’s second-largest IT services company, is likely to post a 15-20 percent rise in consolidated profit after tax and a 24 percent growth in consolidated revenue in the quarter ended March. The Bengaluru-based company may report a profit of Rs 5,950 crore on revenue of Rs 32,700 crore when it releases its results on April 13, experts said. Growth during the quarter may have been powered by smaller deals with shorter implementation timeframes. Experts said clients prefer smaller digital transformation projects that can be implemented in a short span rather than large, longer-tenure deals that follow lengthy due diligence and legal processes. These deals, however, won’t get captured in Infosys’ declaration of large deals, which the company defines as those with a total contract value of at least $50 million. Infosys had posted a profit of Rs 5,076 crore and revenue of Rs 26,311 crore in the quarter ended March 2021. Profit in the three months ended December 2021 was Rs 5,809 crore and revenue was Rs 31,867 crore. Related Stories Infosys stock call: Brokerages turn cautious, flag weak guidance despite Q4 earnings beat; check tar... Infosys Q4 net profit rises 28% QoQ to Rs 8,501 crore, beats Street; guides FY27 growth at 1.5%-3.5%... Infosys shares jump over 5% after Q3 results; brokerages upbeat on guidance hike, deal wins Views from the street Revenue “We forecast sequential revenue growth rate of 2 percent in constant currency driven by continued strength in discretionary spending by clients,” Kotak Institutional Equities said in a report. Growth in constant currency on an annualised basis is estimated at 21.1 percent. Revenue in dollar terms is expected to grow 19.6 percent on-year to $4.32 billion and by 1.7 percent on a sequential basis. Revenue in rupee terms may grow 23.7 percent on-year to Rs 32,544 crore, while sequential growth is estimated at 2.1 percent. According to a report from Emkay Research, revenue is expected to jump 23.9 percent on-year to Rs 32,610 crore and 2.3 percent sequentially. “We build in a 2.3% QoQ USD revenue growth factoring in ~40 bps cross-currency headwinds,” Emkay said in a report. Motilal Oswal Financial Services expects “some moderation in growth as a high base in Q3FY22 will play out in Q4FY22.” It said Infosys may report a 2.8 percent sequential and 21 percent on-year growth in dollar revenue to $4.37 billion. According to Motilal Oswal, revenue in rupee terms is estimated at Rs 32,900 crore, a growth of 24.9 percent on-year and 3.1 percent on-quarter. Margins Kotak Institutional Equities said earnings before interest and tax margin is expected to decline 170 bps on-year to 22.8 percent and by 70 bps on-quarter. The sequential decline is on account of “decline in utilisation rates which are currently at unsustainable levels; higher visa costs – 50 bps impact,” Kotak said. However, “Infosys does have some margin tailwinds as well from lower pass-through revenue component.” Motilal Oswal also expects margins to get impacted by higher visa costs and supply-side challenges. It estimates an EBIT margin of 23 percent with a 150 bps on-year decline. Bottomline Based on estimates of analysts polled by Moneycontrol , Infosys is expected to report a profit of Rs 5,950 crore in the quarter ended March 2022. Motilal Oswal forecasts a profit of Rs 6,080 crore with on-year growth of 19.6 percent and sequential growth of 4.5 percent. Emkay Research pegs profit at Rs 6,010 crore. Kotak is the most conservative and forecasts a profit of Rs 5,750 crore, which is an on-year growth of 13.4 percent. Sequentially, however, it sees profit declining marginally by 90 bps. Investor focus Experts expect Infosys to provide annual revenue and margin guidance for FY23. “We expect modest growth guidance of 11-13 percent that implies 1.5-2.5 percent revenue CQGR (compounded quarterly growth rate) for four quarters of FY23,” Kotak said. EBIT margin guidance is likely to be maintained in the band of 22-24 percent. Investors will watch for assumptions underlying the FY23 revenue guidance, especially in light of macroeconomic uncertainties induced by the Russia-Ukraine conflict; supply-side pressures and the influence on margins; levers to defend margins in light of a creeping increase in travel expenses and supply-side pressures; deal intake and pipeline, and indications of IT spending for CY22. Disclaimer: The views and investment tips of investment experts on Moneycontrol.com are their own and not those of the website or its management. Moneycontrol.com advises users to check with certified experts before making any investment decisions.",Financial / Other,Positive
Infosys,US listed shares of Infosys plunge 16% after whistleblower complaints,https://www.moneycontrol.com/news/business/markets/infosys-us-listed-shares-plunge-16-after-whistleblower-complaints-4555321.html,"IT IT Watchlist Portfolio Message Follow NSE/BSE Select NSE LIVE BSE LIVE Trade Day High Day Low Volume (NSE) More × Add to Watchlist × Infosys shares listed in the US market fell close to 16 percent in premarket trading on October 21 after the company said it had received whistleblower complaints alleging ""unethical practices"" by the company's executives. Following reports that the Infosys board and the US Securities and Exchange Commission had been sent letters by an anonymous group alleging ""unethical"" steps by the company to boost short-term revenue and profit, Infosys issued an official statement. The group had reportedly alleged that Chief Executive Officer Salil Parekh was bypassing reviews and approvals for large deals, as per an Economic Times report. ""In large contracts like Verizon, Intel, JVs in Japan, ABN AMRO acquisition, revenue recognition matters are forced, which are not as per accounting standards,"" the report said, citing cited the letters. Reuters was not able to independently review the letters. Related Stories JLR turns to AI, drones to build smarter factories amid EV transition Susan Electricals IPO sees healthy subscription on day 1, Utkal Speciality issue remains undersubscr... Jewellery brand Rambhajo parent files RHP, IPO to hit Dalal Street next week The complaints follow a strong quarterly show by Infosys, which raised the lower end of its annual revenue forecast on upbeat demand for its digital services from Western clients. ""(The complaints) have been placed before the audit committee as per the company's practice and will be dealt with in accordance with the company's whistleblower policy,"" Infosys said in a filing to Indian stock exchanges. ADRs of Infosys were down 15.7% at $8.91 in premarket trading on the New York Stock Exchange. Indian markets were closed on Monday for a holiday.",Governance,Positive
Infosys,Nifty Headstart: Nifty likely to open flat; CPI inflation data eyed,https://www.moneycontrol.com/news/business/markets/nifty-headstart-nifty-likely-to-open-flat-cpi-inflation-data-eyed-4087181.html,,Financial / Other,Neutral
Infosys,Market Headstart: Nifty likely to open lower; 3 stocks that could return 5-12%,https://www.moneycontrol.com/news/business/markets/market-headstart-nifty-likely-to-open-lower-3-stocks-that-could-return-5-12-3289451.html,,Financial / Other,Neutral
Infosys,"Podcast | Stock picks of the day: Break above 10,900 in futures could trigger fresh rally",https://www.moneycontrol.com/news/business/markets/podcast-stock-picks-of-the-day-break-above-10900-in-futures-could-trigger-fresh-rally-3288721.html,"IRE01 BF04 IT IRE01 Watchlist Portfolio Message Follow NSE/BSE Select NSE LIVE BSE LIVE Trade Day High Day Low Volume (NSE) More BF04 Watchlist Portfolio Message Follow NSE/BSE Select NSE LIVE BSE LIVE Trade Day High Day Low Volume (NSE) More IT Watchlist Portfolio Message Follow NSE/BSE Select NSE LIVE BSE LIVE Trade Day High Day Low Volume (NSE) More × Add to Watchlist × Hadrien Mendonca IIFL The market staged a strong pullback in the past three trading sessions and has not only surpassed but also closed above its long-term 200-DEMA of 10,700 levels, which will now act as a strong support area. However, it is advisable to be optimistically cautious at the current juncture. The Nifty has formed a Doji pattern on the daily chart which indicates that momentum, to some extent, is fading away. Only a break above the 10,900 levels in futures would trigger a fresh rally which will then open the gates for 11,100 on the upside. Bank Nifty has formed a Doji pattern indicating uncertainty is on the cards. For any kind of fresh upside, Bank Nifty has to surpass the rising channel resistance zone of 27,100 levels. On the downside, 26,400 is an important support. It is advisable to remain stock-specific as multiple high-beta sectors like real estate and infra are back in action. While metals space could be avoided. Here is a list of stocks that could deliver 5-13% returns in the next 1 month: Indiabulls Real Estate : Buy| Target: Rs 89| Stop Loss: Rs 75| Returns 12.5% The stock has been on a declining mode for the past four weeks and has finally formed a double bottom pattern on the weekly chart. The stock has also broken out from a falling channel pattern on the daily chart accompanied with a smart uptick in traded volumes. Apart from this on the monthly chart Indiabulls Real Estate has also respected November 2016 lows and bounced off smoothly. We expect the stock to move higher towards its potential target of Rs89 in the medium term. Bajaj Finserv : Buy| Target: Rs 6,500| Stop Loss: Rs 5,940| Returns 5.5% The stock has been showing immense strength in the past four trading sessions and has finally broken out from a classic cup and handle pattern on the daily chart. It has also managed to surpass its short as well as long-term moving averages. The weekly chart analysis indicates that stock is on the verge of forming a Bullish Engulfing pattern which is a positive development. Infosys : Buy| Target: Rs 745| Stop Loss: Rs 673| Returns 7% The stock has been consolidating for the past nine trading sessions and has finally broken out from Flag pattern on the daily chart. The breakout has been accompanied with a smart uptick in traded volumes. In addition, the positive crossover on the relative strength index further accentuates our bullish stance on the stock. The author is a Senior Technical Analyst, IIFL. Disclaimer: The views and investment tips expressed by investment expert on Moneycontrol.com are his own and not that of the website or its management. Moneycontrol.com advises users to check with certified experts before taking any investment decisions.",Financial / Other,Positive
Infosys,Infosys inks 7-yr deal with CMA CGM Group,https://www.moneycontrol.com/news/trends/it/infosys-inks-7-yr-deal-with-cma-cgm-group-2391983.html,"Infosys IT IT Watchlist Portfolio Message Follow NSE/BSE Select NSE LIVE BSE LIVE Trade Day High Day Low Volume (NSE) More × Add to Watchlist × India's second largest software services firm Infosys has said it has signed a seven-year pact with French container shipping major CMA CGM Group. The partnership will simplify and transform CMA CGM's IT applications and improve customer service experience. As part of the agreement, Infosys will open a Delivery Center (DC) in Marseille, Infosys said in a statement. ""Infosys will also acquire CMA CGM's Innovation and Delivery Centre in Dubai, UAE, expanding its footprint in the Middle East,"" the statement added. In a BSE filing, Infosys said the approval of Dubai Creative Clusters Authority will be required for the consummation of the transaction and that it is expected to close during the third quarter of fiscal 2018. Related Stories JLR turns to AI, drones to build smarter factories amid EV transition Sectoral valuation gap widens as IT, banks, realty trade at deep discounts; healthcare, defence hold... Hotel industry walks a tightrope between record demand and geopolitical risks The cost of acquisition would be USD 1, as per the filing. Rajesh Krishnamurthy, President and Head of Europe at Infosys, said the ""hyper-competitive"" shipping and logistics industry needs to simplify the technology footprint and leverage next-generation technologies. Infosys is keen to leverage its logistics industry experience and assist CMA CGM with its business transformation journey, he added. ""Our ambition is to create a competitive advantage by offering our customers state-of-the-art technologies. The partnership with Infosys is key to attaining this objective,"" CMA CGM chief executive officer Rodolphe Saadé said. In a separate statement, Infosys said its subsidiary -- Infosys Finacle -- has partnered with Niki.ai, a fintech start-up that offers chat-based commerce solutions. With this partnership, Finacle solution suite will be available with Niki.ai's chat-based virtual assistant - Niki, the statement said. This offering will enable banks to offer its customers a virtual banking assistant for shopping products and services, it added.",Financial / Other,Positive
Infosys,"STPI`s Woman Entrepreneur of the Year (IT) 2015 Award to Sangeeta Kulkarni, Co-founder & CEO, Brickwork India",https://www.moneycontrol.com/news/business/wire-news/stpi`s-woman-entrepreneurthe-year-(it)-2015-award-to-sangeeta-kulkarni-co-founderceo-brickwork-india-1480257.html,ERROR : Exceeded 30 redirects.,Financial / Other,Neutral
Infosys,Accenture raises full-year revenue forecast for 3rd time,https://www.moneycontrol.com/news/world/international-results/accenture-raises-full-year-revenue-forecast-for-3rd-time-1457807.html,"Accenture Plc raised its full-year revenue forecast for the third time, reflecting continued strong demand for the company's consulting and outsourcing services. The company also reported third-quarter profit and revenue above analysts' estimates, helped by growth in its North America business, sending its shares 2.3 percent higher to USD 99.99 in premarket trading. Accenture raised its full-year revenue growth forecast to 9-10 percent on a local currency basis. In March, the company said it had expected revenue to grow 8-10 percent in the year ending August. Accenture raised its revenue growth forecast to 5-8 percent in December from 4-7 percent. The company's net revenue increased to USD 7.77 billion from USD 7.74 billion in the third quarter ended May 31, beating analysts' average expectation of USD 7.45 billion, according to Thomson Reuters. Revenue in the outsourcing business rose 10 percent in local currency, while consulting business revenue rose 11 percent. The consulting business accounts for a little more than half of Accenture's total revenue, with its outsourcing unit contributing the rest. Accenture's business in North America rose 11 percent to USD 3.64 billion. Accenture's rivals include India's Infosys Ltd and Tata Consultancy Services in the outsourcing business and Hewlett-Packard Co and IBM Corp in the consulting business. The company's net income fell to USD 1.24 per share in the three months ended May 31, from USD 1.26 per share a year earlier.",Financial / Other,Positive
Infosys,22 more developers seek Govt approval to cancel SEZs,https://www.moneycontrol.com/news/business/companies/22-more-developers-seek-govt-approval-to-cancel-sezs-1491329.html,"IT IT Watchlist Portfolio Message Follow NSE/BSE Select NSE LIVE BSE LIVE Trade Day High Day Low Volume (NSE) More × Add to Watchlist × A few months after government cancelled 56 SEZ projects, 22 more developers have approached the government to surrender their tax free zones. The 22 developers include Tamilnadu Industrial Development Corporation and Sunwise Properties. The Board of Approval (BoA) chaired by Commerce Secretary Rajeev Kher would take a decision on these applications in its meeting on May 19. Of 22 SEZs, 19 are from IT/ITeS sector. While other sectors include multi-product, engineering, hardware and software. ""In these cases, a formal approval has been granted by the DoC (Department of Commerce). However, since there is no significant progress made by the Developer/co-developer, the concerned DC (development commissioner) has proposed for cancellation of formal approval granted to the developer,"" the agenda note of the BoA meeting said. In February, the government had cancelled 56 tax free enclaves. Tamilnadu Industrial Development Corporation had proposed a multi-product special economic zone (SEZ). The formal approval was granted in 2011. ""Developer was given sufficient opportunities to apply for extension, if they are serious in implementing the project. The developer has expressed their unwillingness and requested for cancellation of formal approval. Related Stories JLR turns to AI, drones to build smarter factories amid EV transition Stocks to Watch Today: Dabur India, Sagility, GNG Electronics, Lenskart Solutions, Hexagon Nutrition... Susan Electricals IPO sees healthy subscription on day 1, Utkal Speciality issue remains undersubscr... DC has recommended for cancellation of formal approval,"" it said. Similarly, Sunwise Properties Pvt Ltd has proposed an IT/ITeS zone in Gurgaon. It was notified in 2009. ""...Approval Committee decided to forward the case to DoC with the request to take necessary action for cancellation of formal LoA/denotification of SEZ,"" it said. Other developers who have sought government's approval to cancel there zones include Raaga Mayuri Builders, Township Developers India, Progressive Buildestate, GHI Finlease and Investment, Mikado Realtors, Uppal Housing, Sarv-Mangal Real Tech and Mohan Investment and Properties. Further, 27 developers including Gulf Oil Corporation, Vedanta Aluminium Ltd, Indiabulls Industrial Infrastructure and Navi Mumbai SEZ have asked for more time o implement their projects. The BoA would also consider the proposal of Infosys Ltd to set up a new IT/ITeS zone in Karnataka. SEZs, which were emerged as a major export hub in the country, started loosing sheen after imposition of minimum alternate tax (MAT) and dividend distribution tax (DDT). Industry has sought a reduction or removal of these taxes boost investments. Exports from these zones increased from Rs 22,840 crore in 2005-06 to Rs 4.94 lakh crore in 2013-14. The commerce ministry is struggling to increase exports as the country's shipments in the last three years have been hovering around USD 300 billion.",Governance,Positive
Infosys,"Cognizant profit rises as customers spend on IT, consulting",https://www.moneycontrol.com/news/world/international-results/cognizant-profit-rises-as-customers-spendit-consulting-1613207.html,"IT TCS IT Watchlist Portfolio Message Follow NSE/BSE Select NSE LIVE BSE LIVE Trade Day High Day Low Volume (NSE) More TCS Watchlist Portfolio Message Follow NSE/BSE Select NSE LIVE BSE LIVE Trade Day High Day Low Volume (NSE) More × Add to Watchlist × IT services firm Cognizant Technology Solutions Corp reported a better-than-expected 22 percent rise in quarterly revenue as businesses, especially financial firms and companies in Europe, outsourced more work and increased spending on consulting. Instability in Europe has forced companies there to cut costs by outsourcing. Cognizant, which operates on lower margins than its rivals, has been able to win a larger share of the business. The company also gained from an uptick in discretionary technology spending in North America, which accounts for more than three quarters of total revenue. Cognizant's Indian rivals, Infosys Ltd and Tata Consultancy Services , also reported a jump in quarterly profit, helped by growing demand from financial clients and from Europe. ""Our performance during the quarter was stronger than anticipated due to a faster ramp up in demand for outsourcing services and strong discretionary spend on consulting and technology services,"" Cognizant President Gordon Coburn said. The company, which also raised its full-year forecast for both profit and revenue, said third-quarter sales rose 22 percent to USD 2.31 billion. Revenue from Europe increased 37 percent to USD 414.7 million, while revenue from North America rose 18.5 percent to USD 1.78 billion. The company's net income rose to USD 319.6 million, or USD 1.05 per share in the third quarter, from USD 276.9 million, or 91 cents per share, a year earlier. Analysts on average had expected earnings of USD 1.01 per share on revenue of USD 2.26 billion, according to Thomson Reuters I/B/E/S. The company said it expects earnings of at least USD 4.01 per share on revenue growth of at least 20.3 percent to USD 8.84 billion. It had previously forecast earnings of at least USD 3.96 per share on revenue growth of at least 19 percent to USD 8.74 billion. Analysts on average expected earnings of USD 3.98 per share on revenue of USD 8.76 billion. Shares of Teaneck, New Jersey-based Cognizant, which has most of its employees in India, closed at USD 86.85 on the Nasdaq on Monday.",Social,Positive
Infosys,Phaneesh Murthy's exit sends iGate shares 10% lower,https://www.moneycontrol.com/news/business/markets/-1820839.html,"IT IT Watchlist Portfolio Message Follow NSE/BSE Select NSE LIVE BSE LIVE Trade Day High Day Low Volume (NSE) More × Add to Watchlist × Shares of the company fell 10 percent on the Nasdaq to close at USD 14.82 (down 9.63 percent) after the removal of Phaneesh Murthy, who led several initiatives to improve the company's performance such as charging clients for business results instead of man hours, the billing method more commonly used by IT outsourcing firms. Murthy, one of the industry's best-known executives, was forced to quit India's second-biggest software services exporter Infosys Ltd in 2002, following a sexual harassment lawsuit, which was settled out of court. Speaking to reporters after iGate announced his departure, Murthy said he had informed the company chairman about his relationship with the female employee a few weeks ago. IGate said its investigation showed Murthy had violated company policy by failing to report his relationship with the employee. Murthy did not violate iGate's harassment policy, the company said in a statement. ""The board's decision was made as a result of an investigation by outside legal counsel, engaged by the board, of the facts and circumstances surrounding a relationship Mr Murthy had with a subordinate employee and a claim of sexual harassment,"" iGate said in a statement dated May 20. Related Stories Infosys stock rating: CLSA bullish, sees $300-400 billion opportunity in GenAI; check target price Infosys shares fall over 1.5% as stock turns ex-dividend; price adjusts downward Infosys defers hiring tests for 20,000+ candidates after spotting impersonation, assessment malpract... A company spokesman did not respond to requests for further information. Murthy was replaced with immediate effect by interim CEO Gerhard Watzinger, the company said in the statement. Fremont, California-based iGate and other smaller IT outsourcing services providers compete with Indian heavyweights such as Tata Consultancy Services, Wipro and Infosys on price to win market share. ""(The) development should negatively impact the company's brand and may negatively impact growth prospects given the stature of Mr Murthy and his involvement in marketing the company's vision to clients/prospects,"" Noble Financial analyst Vince Colicchio said. In recent months, the company had issued advertisements in international media mocking the IT outsourcing sector's traditional billing model. Murthy's billing strategy is meant to appeal to clients with less-certain budgets in a tough economy. Frederic Giron, principal analyst at Forrester Research, said Murthy's departure did not necessarily mean the company would abandon the changes he had spearheaded. ""While it is still unclear if initiatives ... will survive under a new leadership, I would assume so, since the transformation has been under way for about two years,"" he said. Murthy was a rising star at Infosys and was seen by many as on track to be the company's first non-founder chief executive before the sexual harassment lawsuit abruptly ended his tenure. After leaving Infosys, Murthy founded a company that was bought by iGate. In 2011, he teamed up with buyout firm Apax Partners for iGate's USD 1.2 billion purchase of much-bigger Indian rival Patni Computer Systems. iGate shares, and revenue, have more than quadrupled since Murthy joined the company in mid-2003, according to Reuters data. The stock has gained 4 percent in 2013, lagging the S&P 500 IT consultancy subindex, which is up 8.8 percent. The company's stock fell to USD 14.25 Tuesday on the Nasdaq, its lowest in 18 months.",Social,Positive
Infosys,Infosys FY14 revenue guidance at 6-10%,https://www.moneycontrol.com/news/business/companies/-1085525.html,"IT IT Watchlist Portfolio Message Follow NSE/BSE Select NSE LIVE BSE LIVE Trade Day High Day Low Volume (NSE) More × Add to Watchlist × Infosys Ltd , India's No 2 IT services exporter, said on Friday it expects its dollar revenue in the current fiscal year that started April 1 to rise between 6 percent and 10 percent. Also read: Infosys Q4 profit seen down 3% QoQ, sales likely up 4% The company earlier marginally beat analyst estimates with a 3.4 percent rise in quarterly net profit to Rs 23.9 billion as the company won orders from customers including German automaker BMW.",Financial / Other,Positive
Infosys,Infosys expects FY operating margin of 26%: CFO,https://www.moneycontrol.com/news/business/companies/-1669833.html,"IT IT Watchlist Portfolio Message Follow NSE/BSE Select NSE LIVE BSE LIVE Trade Day High Day Low Volume (NSE) More × Add to Watchlist × Infosys Ltd , India's second-biggest software services provider, expects operating margins for the financial year ending in March to be about 26 percent, Chief Financial Officer Rajiv Bansal said. Operating margins for the year, excluding the Switzerland-based consultancy Lodestone Holdings that Infosys acquired recently, would be 26.3 percent, Bansal said on Friday. Infosys posted stronger-than-expected profit for the third quarter of the financial year that began last April and raised its annual revenue forecast, sending its shares 13 percent higher.",Financial / Other,Positive
Infosys,Indian cos invest USD 2.31 billion overseas in November,https://www.moneycontrol.com/news/business/companies/-1690753.html,"IT BTV IT Watchlist Portfolio Message Follow NSE/BSE Select NSE LIVE BSE LIVE Trade Day High Day Low Volume (NSE) More BTV Watchlist Portfolio Message Follow NSE/BSE Select NSE LIVE BSE LIVE Trade Day High Day Low Volume (NSE) More × Add to Watchlist × Overseas direct investment by Indian companies rose by 13.6 per cent over the previous month to USD 2.31 billion in November, data from the Reserve Bank showed. Indian companies had invested USD 2.03 billion in October. A total of 430 deals were carried out by the Indian companies in November to carry out the outward foreign direct investment during the month, the RBI data showed. Also Read: Indian cos raised USD 4.29 bn from overseas markets in Oct Infosys Ltd , Videocon Oil Ventures, REI Agri and Bharti Airtel were among the major investors in terms of outward FDI. Infosys Ltd invested USD 207.14 million in its wholly owned subsidiary Lodestone Holding AG in Switzerland which is engaged in financial, insurance and real estate services. Videocon Oil Ventures invested USD 127 million in its wholly owned subsidiary Videocon Hydrocarbons Holdings in Cayman Islands. The company is into agriculture and mining business. REI Agri invested USD 95.19 million in its wholly owned unit based in United Arab Emirates which is into manufacturing business. Bharti Airtel invested USD 80 million in its wholly owned unit Bharti Airtel International (Mauritius) which is engaged in transport, storage and communication services.",Financial / Other,Positive
Infosys,"Plan in place for struggling Infosys, but no quick returns",https://www.moneycontrol.com/news/business/companies/-1870427.html,"IT TCS HCL02 IT Watchlist Portfolio Message Follow NSE/BSE Select NSE LIVE BSE LIVE Trade Day High Day Low Volume (NSE) More TCS Watchlist Portfolio Message Follow NSE/BSE Select NSE LIVE BSE LIVE Trade Day High Day Low Volume (NSE) More HCL02 Watchlist Portfolio Message Follow NSE/BSE Select NSE LIVE BSE LIVE Trade Day High Day Low Volume (NSE) More × Add to Watchlist × Infosys Ltd , the company that symbolised India's rise as an outsourcing powerhouse but has struggled this year, will have to wait longer than expected for returns from a remodelled strategy. The USD 7 billion company based in Bangalore, India's Silicon Valley, has missed sales targets, lost market share, put off an annual pay rise and seen its stock battered this year. ""The realisation of the benefits will be delayed short-term,"" said S.D. Shibulal, the company's chief executive officer, referring to the ""Infosys 3.0"" strategy that the company says will better position it for the future. It was a rare acknowledgement for a company famous for hitting or beating its targets. Under the strategy, Infosys will focus more on higher-value software and consulting that can be applied across clients and less on labour-intensive plain vanilla outsourcing services. Related Stories JLR turns to AI, drones to build smarter factories amid EV transition Susan Electricals IPO sees healthy subscription on day 1, Utkal Speciality issue remains undersubscr... Jewellery brand Rambhajo parent files RHP, IPO to hit Dalal Street next week The problem is Infosys is shifting gears at a time when its corporate clients in the United States and Europe, including its core financial services base, are tightening their belts, dealing with fewer vendors, and taking longer to make decisions. Industry-watchers say Infosys' position as a premium player, which allowed it to charge more and earn fatter margins, is a liability in this market, to the benefit of rivals like Tata Consultancy Services and HCL Technologies . ""It is a challenging environment,"" Shibulal said in an interview in the tree-lined 80-acre campus on the outskirts of Bangalore that serves as Infosys headquarters. Shibulal, or Shibu as he is known in the informal Infosys style, is one of the seven engineers who launched the company in 1981 by pooling together $250. He is the fourth person from the group to become CEO, but will be the last -- the other three have quit. The company's troubles have spurred criticism of everything from its method of choosing CEOs to its pricing strategy to what is seen as an insular and risk-averse culture. It has also prompted worry that the recent troubles may affect the company's ability to attract and retain talent. Investors have reacted harshly, pushing Infosys stock down more than 12% this year, making it the fourth-worst performer among 71 stocks around the world in the large and mid-cap IT services sector. ""It should be the right plan, but the issue is implementation and results,"" said Walter Rossini, a Milan-based fund manager with Gestielle India, who owns Infosys in his $300 million fund alongside TCS and Tech Mahindra . LABOUR PAINS? Infosys has long been ahead of the curve in corporate India, stressing high standards of governance and transparency, paying attractive wages to tens of thousands of young workers, and offering a stock option programme that turned some salaried staff into millionaires. Instead of offices in business districts, Infosys prefers campus-style locations in places such as Pune and Mysore, a southern city where it has built a $400 million facility it says is the world's largest corporate training centre, which can train 14,000 staff at a time. One crucial worry over the company's recent poor performance is that it will hurt Infosys' stature as an employer of choice for Indian graduates. It has seen a handful of high-profile executive exits in the past couple of years. Recently, Shaji Farooq quit his post as the Americas head of financial services to lead a new unit at rival Wipro . Three senior officials at its BPO (business process outsourcing) arm have also recently quit. While staff turnover varies by season and the state of the industry, Infosys' attrition rate over the year to June was 14.9%, compared with 10.9% at larger rival TCS. In June 2009, another challenging time for the industry, attrition at Infosys was 11.1%, compared with 10.7% at TCS. ""The single most important reason, in my view, as to (why) Infosys needs to demonstrate some bit of growth momentum is employee retention, because ultimately this is a business that is really dependent on people,"" said Bhavin Shah, CEO of Equirus Securities in Mumbai and a longtime industry watcher. At the Bangalore headquarters, this does not seem to be a problem. Throngs of young IT workers stroll the pathways through lush lawns and futuristic steel and glass buildings. Parts of it seem like a U.S. university campus, although security is tighter and many of the young men wear neckties. Shibulal said it has not been any more difficult to retain staff since Infosys implemented the 3.0 plan early last year. ""The numbers don't show any difference. Finally I have to look at data. Perceptions can be very misleading at times, and if you look at single point instances also it can be very misleading,"" he said. ""Our conversion rates from (university) campuses remain high,"" he said, adding that the pay rise for this year at Infosys had been postponed, not cancelled. Before economic crises hit the industry in recent years, it was not uncommon for India's IT workforce to get double-digit pay rises. Still, TCS said its staff in India will get an average of 8% increase in salaries this year. Part of Infosys' strategy is to break the almost direct link between growth in sales and headcount, which sees the industry hiring tens of thousands of campus recruits every year and spending six or more months training them to be billing-ready. The idea is to sell more intellectual property, not just the sweat and brainpower of its 150,000-plus employees. ""If you look at the long term, we clearly believe you can't recruit so much high talent, because there'll be a bottleneck at some point,"" said Shibulal, who at 57 is less than three years shy of Infosys' mandatory retirement age. FIGHTING COMMODITISATION The company's aim is take more of a problem-solving or solutions-based approach for customers such as Bank of America-Merrill Lynch , as opposed to simply selling technology services. ""What Infosys is doing is absolutely the right thing from the long term standpoint. The only way to offset the immense commoditisation that the industry faces in the business IT services is if one focuses on higher value-added services,"" said Kuldeep Koul, an analyst with ICICI Securities in Mumbai. To that end, Infosys wants its software business to contribute as much as one-third of revenues in five or six years, from a few percentage points now. It wants IT services, the bread-and-butter industry offering that accounts for roughly two-thirds of its business and where competition is the most fierce, to make up just a third of its revenue. The market is wary, with analysts expecting Infosys to post the slowest earnings growth among key rivals over three to five years, at a compound average annual rate of 12.6%, Thomson Reuters data shows. They expect 13.8% growth for Wipro, 17.3% for TCS , 18.2% for HCL and 19.4% for Cognizant Technology Solutions . ""Medium-term, I think we'll see the benefits. Medium to long-term we should be fine,"" said Shibulal. ""In the short term, the only thing we need to do is win deals.""",Social,Positive
Infosys,Watch,,ERROR : Invalid URL 'nan': No scheme supplied. Perhaps you meant https://nan?,Financial / Other,Neutral
Infosys,Advisory Alert:,,ERROR : Invalid URL 'nan': No scheme supplied. Perhaps you meant https://nan?,Financial / Other,Neutral
Infosys,Trending Topics,,ERROR : Invalid URL 'nan': No scheme supplied. Perhaps you meant https://nan?,Financial / Other,Neutral
Infosys,News,,ERROR : Invalid URL 'nan': No scheme supplied. Perhaps you meant https://nan?,Financial / Other,Neutral
Infosys,Markets,,ERROR : Invalid URL 'nan': No scheme supplied. Perhaps you meant https://nan?,Financial / Other,Neutral
Infosys,Personal Finance,,ERROR : Invalid URL 'nan': No scheme supplied. Perhaps you meant https://nan?,Financial / Other,Neutral
Infosys,Mutual Funds,,ERROR : Invalid URL 'nan': No scheme supplied. Perhaps you meant https://nan?,Financial / Other,Neutral
Infosys,Tools,,ERROR : Invalid URL 'nan': No scheme supplied. Perhaps you meant https://nan?,Financial / Other,Neutral
Infosys,Community,,ERROR : Invalid URL 'nan': No scheme supplied. Perhaps you meant https://nan?,Financial / Other,Neutral
Infosys,Network 18 Sites,,ERROR : Invalid URL 'nan': No scheme supplied. Perhaps you meant https://nan?,Financial / Other,Neutral
Infosys,Quick Links,,ERROR : Invalid URL 'nan': No scheme supplied. Perhaps you meant https://nan?,Financial / Other,Neutral
Infosys,You got30 Day’s Trialof,,ERROR : Invalid URL 'nan': No scheme supplied. Perhaps you meant https://nan?,Financial / Other,Neutral
